Price,BuyUrl,Title
121,https://www.flipkart.com/handbook-of-mathematics/p/itme8g8bxac9grhb?pid=9789352036592&srno=s_1_1&otracker=search&lid=LSTBOK9789352036592CMPHUR&fm=organic&iid=df9c687e-ba39-46e4-8549-244a56430691.9789352036592.SEARCH&qH=6ae28a55456b101b,Handbook of Mathematics
160,https://www.flipkart.com/mathematics-indian-army-acc-exam/p/itmezhgh4phkjdvd?pid=RBKEZHGHPBRQA3D3&srno=s_1_2&otracker=search&lid=LSTRBKEZHGHPBRQA3D3KDWXOI&fm=organic&iid=a7f63d07-7327-4131-8f4a-8b84309bc332.RBKEZHGHPBRQA3D3.SEARCH&qH=6ae28a55456b101b,Mathematics For Indian Army ACC Exam
599,https://www.flipkart.com/calculus-volume-2-2nd/p/itmdytmvzhzyhbhg?pid=9788126515202&srno=s_1_3&otracker=search&lid=LSTBOK9788126515202QIMF2G&fm=organic&iid=a448ac4e-1044-4682-80bb-90dc3aa895be.9788126515202.SEARCH&qH=6ae28a55456b101b,Calculus (Volume - 2) 2nd Edition
465,https://www.flipkart.com/mathematics-class-xi-2016/p/itmehdrbngwzpxvh?pid=9789383182954&srno=s_1_4&otracker=search&lid=LSTBOK978938318295406VG0V&fm=organic&iid=3a89a188-b902-464c-af79-d03e938ff481.9789383182954.SEARCH&qH=6ae28a55456b101b,MATHEMATICS CLASS XI 2016 EDITION 2016 Edition
130,https://www.flipkart.com/nios-text-311-mathematics-hindi-medium-all-is-well-sample-paper-plus-practicals/p/itmezvh4vy7xzu22?pid=9789386244000&srno=s_1_5&otracker=search&lid=LSTBOK9789386244000XJZJNQ&fm=organic&iid=4280d4f0-f192-41bc-9f1d-f3ecc2eaf413.9789386244000.SEARCH&qH=6ae28a55456b101b,NIOS TEXT 311 MATHEMATICS 311 HINDI MEDIUM ALL-IS-WELL ...
220,https://www.flipkart.com/basics-of-mathematics/p/itmery72uphatj49?pid=9788189923563&srno=s_1_6&otracker=search&lid=LSTBOK97881899235639K65YF&fm=organic&iid=66bb4e25-3c2e-4df5-a877-3712c083db09.9788189923563.SEARCH&qH=6ae28a55456b101b,Basics of Mathematics
299,https://www.flipkart.com/home-revise-mathematics-formulae-dictionary-dvd/p/itmes452ttzgw42w?pid=EDMES45FJGPZXMAV&srno=s_1_7&otracker=search&lid=LSTEDMES45FJGPZXMAVYSCEPZ&fm=organic&iid=ac8e721e-429e-40a9-a996-0f916c30bdf1.EDMES45FJGPZXMAV.SEARCH&qH=6ae28a55456b101b,Home Revise Mathematics Formulae Dictionary DVD
"1,000",https://www.flipkart.com/tupoints-cbse-class-10-science-mathematics-offline-test/p/itmeccbjsqyxjxds?pid=EDMECCBJ9YVHVTZU&srno=s_1_8&otracker=search&lid=LSTEDMECCBJ9YVHVTZU7LPG2Q&fm=organic&iid=3ab2ff1b-a366-4a42-874d-10d24456a8a2.EDMECCBJ9YVHVTZU.SEARCH&qH=6ae28a55456b101b,Tupoints Cbse Class 10 Science And Mathematics Offline ...
299,https://www.flipkart.com/comprint-state-board-intermediate-1st-year-mathematics-dvd/p/itmehfgbxt7txnjb?pid=EDMEHFGBPAEZS4YW&srno=s_1_9&otracker=search&lid=LSTEDMEHFGBPAEZS4YWGRN9CT&fm=organic&iid=845c46c4-b28c-4c30-ba0c-4d5fdcb1824f.EDMEHFGBPAEZS4YW.SEARCH&qH=6ae28a55456b101b,COMPRINT State Board Intermediate 1St Year Mathematics ...
510,https://www.flipkart.com/optimum-educators-maharashtra-board-std-10-algebra-hots/p/itmexfzzv6pzrcpd?pid=EDMEXFZZHBYHWGKS&srno=s_1_10&otracker=search&lid=LSTEDMEXFZZHBYHWGKSG2JWF8&fm=organic&iid=0634eb09-d208-438e-99d9-e8009f41ddc2.EDMEXFZZHBYHWGKS.SEARCH&qH=6ae28a55456b101b,Optimum Educators MAHARASHTRA BOARD STD 10 ALGEBRA HOTS
279,https://www.flipkart.com/krafftio-math-life-ceramic-mug/p/itmeuhy8hjrzspyd?pid=MUGEUHY8Q5NYF9TM&srno=s_1_11&otracker=search&lid=LSTMUGEUHY8Q5NYF9TMIYP85M&fm=organic&iid=c9f83d4a-4ab4-452f-8391-3d2b4a6c133e.MUGEUHY8Q5NYF9TM.SEARCH&qH=6ae28a55456b101b,Krafftio Math Life Ceramic Mug
399,https://www.flipkart.com/shopsmeade-math-humor-fun-32158-ceramic-mug/p/itmewdryeyhgakgj?pid=MUGEWCHYRSNU2BJV&srno=s_1_12&otracker=search&lid=LSTMUGEWCHYRSNU2BJVZXAAYR&fm=organic&iid=d202b73b-b374-4d42-be6d-09ce04fdede1.MUGEWCHYRSNU2BJV.SEARCH&qH=6ae28a55456b101b,Shopsmeade Math Humor | Humor Fun #32158 Ceramic Mug
940,https://www.flipkart.com/class-notes-complete-mathematics-set-4-volumes-jee-olympiad-career-point-kota/p/itmev65sq7hrmegs?pid=RBKEV65SGSF3FYNM&srno=s_1_13&otracker=search&lid=LSTRBKEV65SGSF3FYNMS2E3FL&fm=organic&iid=6cc0f721-cf64-4249-8040-6ab8e6661b2a.RBKEV65SGSF3FYNM.SEARCH&qH=6ae28a55456b101b,Class Notes Of Complete Mathematics (Set Of 4 Volumes) ...
490,https://www.flipkart.com/class-notes-12th-mathematics-set-2-volumes-jee-olympiad-career-point-kota/p/itmev6h6sfj3bwem?pid=RBKEV6H6QVNNGZ7K&srno=s_1_14&otracker=search&lid=LSTRBKEV6H6QVNNGZ7KGTGL2V&fm=organic&iid=75a8fe33-4970-4359-b65a-ab93093d5979.RBKEV6H6QVNNGZ7K.SEARCH&qH=6ae28a55456b101b,Class Notes 12th Mathematics (Set Of 2 Volumes) For JEE...
967,https://www.flipkart.com/proceedings-edinburgh-mathematical-society-volume-23/p/itmetjf5gmhktu5h?pid=9781274305428&srno=s_1_15&otracker=search&lid=LSTBOK9781274305428GMX42Y&fm=organic&iid=249934b6-0061-44ee-a7ca-76fae56d40c6.9781274305428.SEARCH&qH=6ae28a55456b101b,"Proceedings Of The Edinburgh Mathematical Society, Volu..."
"1,905",https://www.flipkart.com/proceedings-cambridge-philosophical-society-mathematical-physical-sciences-volume-v-5-1883-86/p/itmdybud9c9wyuzy?pid=9781172052516&srno=s_1_16&otracker=search&lid=LSTBOK9781172052516LLH4PB&fm=organic&iid=e1cd47fc-ecb5-4d85-92c2-846de711aadc.9781172052516.SEARCH&qH=6ae28a55456b101b,"Proceedings of the Cambridge Philosophical Society, Mat..."
"1,754",https://www.flipkart.com/elliptische-funktionen-primary-source/p/itmdt54gg5wfrrfe?pid=9781293313459&srno=s_1_17&otracker=search&lid=LSTBOK9781293313459KXFFYW&fm=organic&iid=c9b402c1-e893-47bd-9572-8a1d1051c2eb.9781293313459.SEARCH&qH=6ae28a55456b101b,Elliptische Funktionen - Primary Source Edition
"1,519",https://www.flipkart.com/corso-di-geometria-elementare-esubline-diviso-quatro-volumi-libri-undecimo-e-duodecimo-degli-elementi-euclide-volume-2/p/itmd3hwwndts2hqu?pid=9781247314914&srno=s_1_18&otracker=search&lid=LSTBOK9781247314914U8SSSS&fm=organic&iid=8e6512c1-3150-462b-92e3-76f009ff5f71.9781247314914.SEARCH&qH=6ae28a55456b101b,Corso Di Geometria Elementare: Esubline Diviso In Quatr...
800,https://www.flipkart.com/learnfatafat-ssc-algebra-geometry-science-mh-board-class-10-online-e-learning-course/p/itmezptxdu2kabwh?pid=EDMEZPTXVJV67SG9&srno=s_1_19&otracker=search&lid=LSTEDMEZPTXVJV67SG9XLWUUH&fm=organic&iid=bf65f6e9-7343-4104-82d1-69ffb6526a9d.EDMEZPTXVJV67SG9.SEARCH&qH=6ae28a55456b101b,"LearnFatafat SSC Algebra, Geometry, Science MH Board Cl..."
"2,000",https://www.flipkart.com/learnfatafat-cbse-board-class-10-online-video-course/p/itmez99dz3m6zpky?pid=EDMEZ99DPHAGW5PM&srno=s_1_20&otracker=search&lid=LSTEDMEZ99DPHAGW5PM7VLU9P&fm=organic&iid=a2900b77-e398-4da3-8238-589942bd8be3.EDMEZ99DPHAGW5PM.SEARCH&qH=6ae28a55456b101b,LearnFatafat CBSE Board Class 10 Online Video Course
"1,799",https://www.flipkart.com/home-revise-2nd-standard-cbse-mathematics/p/itmerwdzmkjhqkzh?pid=EDMERWDFAY5YS3HZ&srno=s_1_21&otracker=search&lid=LSTEDMERWDFAY5YS3HZOHVOKA&fm=organic&iid=e8cdb61a-43f8-4359-820c-76eb14bc01a7.EDMERWDFAY5YS3HZ.SEARCH&qH=6ae28a55456b101b,Home Revise 2nd Standard CBSE Mathematics
"2,249",https://www.flipkart.com/home-revise-10th-standard-cbse-mathematics/p/itmerw9rf2esqtfe?pid=EDMERW9R7DZ7KVQH&srno=s_1_22&otracker=search&lid=LSTEDMERW9R7DZ7KVQHWLCEQL&fm=organic&iid=b99b7ece-491f-4fea-8562-0c4337d4d1be.EDMERW9R7DZ7KVQH.SEARCH&qH=6ae28a55456b101b,Home Revise 10th Standard CBSE Mathematics
219,https://www.flipkart.com/my-home-maths-49poster-poster-size-30cm-x-45cm-buy-1-get-2-set-vinyl-sticker-20ring-dot-15-hearts-free-paper-print/p/itmerk3xuq6vttny?pid=POSERK3XPNQTQXCY&srno=s_1_23&otracker=search&lid=LSTPOSERK3XPNQTQXCYU4VPGJ&fm=organic&iid=003d2670-4b7e-4f82-b7d2-098134bb954b.POSERK3XPNQTQXCY.SEARCH&qH=6ae28a55456b101b,[MY HOME]Maths to 49Poster(POSTER SIZE = 30cm X 45cm)Bu...
233,https://www.flipkart.com/artage-back-cover-apple-iphone-5s/p/itmev3t6hj8csbbz?pid=ACCEV3T6Y426DTWY&srno=s_1_24&otracker=search&lid=LSTACCEV3T6Y426DTWYARGBBO&fm=organic&iid=00e0752e-73ad-49e5-aef7-66ad369ee1e4.ACCEV3T6Y426DTWY.SEARCH&qH=6ae28a55456b101b,Artage Back Cover for Apple Iphone 5S
"1,294",https://www.flipkart.com/theorie-des-determinants-et-leur-principales-applications/p/itmd35vzngdfpraf?pid=9781245108584&srno=s_1_25&otracker=search&lid=LSTBOK9781245108584MR3TNO&fm=organic&iid=4703a111-d470-4183-9f4e-b8ba03258c63.9781245108584.SEARCH&qH=6ae28a55456b101b,Theorie Des Determinants Et Leur Principales Applicatio...
"1,252",https://www.flipkart.com/traite-de-trigonometrie/p/itme7fyp6zqnukhc?pid=9781141729159&srno=s_1_26&otracker=search&lid=LSTBOK9781141729159WGDQXM&fm=organic&iid=87d21239-822a-4fd1-83f0-f58a4808ab87.9781141729159.SEARCH&qH=6ae28a55456b101b,Traite De Trigonometrie
"1,805",https://www.flipkart.com/trait-de-physique-mathmatique/p/itme7ftgvwmzh5fq?pid=9781144494924&srno=s_1_27&otracker=search&lid=LSTBOK9781144494924STKFDH&fm=organic&iid=8ffed12f-f660-48d0-9299-fc11c84e226b.9781144494924.SEARCH&qH=6ae28a55456b101b,Traité De Physique Mathématique ...
"1,852",https://www.flipkart.com/traite-de-physique-mathematique/p/itmetgpudfydxuzs?pid=9781146491525&srno=s_1_28&otracker=search&lid=LSTBOK9781146491525PPC4O1&fm=organic&iid=1bfad602-ce3c-443e-a510-d54d3c5ec09f.9781146491525.SEARCH&qH=6ae28a55456b101b,Traite De Physique Mathematique ...
"1,426",https://www.flipkart.com/concise-introduction-languages-machines-1st-edition/p/itmetjgzh3wupfyw?pid=9781848001206&srno=s_1_29&otracker=search&lid=LSTBOK97818480012064TGCDE&fm=organic&iid=b9b69294-2219-4867-bb59-9a6ee193fbda.9781848001206.SEARCH&qH=6ae28a55456b101b,A Concise Introduction to Languages and Machines 1st Ed...
"6,958",https://www.flipkart.com/risque-d-emergence-d-une-pathologie-dans-une-population/p/itmdyraynknwwzmv?pid=9786131571602&srno=s_1_30&otracker=search&lid=LSTBOK9786131571602WJSPTA&fm=organic&iid=6038aa78-95a5-432f-80b2-b317fcffce17.9786131571602.SEARCH&qH=6ae28a55456b101b,Risque D'Emergence D'Une Pathologie Dans Une Population
649,https://www.flipkart.com/learnfatafat-standard-10-algebra-ssc-maharashtra-board-video-course/p/itmez6s8xvv3mjzd?pid=EDMEZ6S8QYEH4GBG&srno=s_1_31&otracker=search&lid=LSTEDMEZ6S8QYEH4GBGI3BY0Z&fm=organic&iid=c9545e20-d1aa-446e-888a-0dca80f1abef.EDMEZ6S8QYEH4GBG.SEARCH&qH=6ae28a55456b101b,LearnFatafat Standard 10 Algebra SSC Maharashtra Board ...
"2,249",https://www.flipkart.com/home-revise-9th-standard-cbse-mathematics/p/itmerry3b2b56f86?pid=EDMERRY3GKHJUDFJ&srno=s_1_32&otracker=search&lid=LSTEDMERRY3GKHJUDFJ372NI9&fm=organic&iid=609d29cf-f5ba-4e95-82a1-372ce90ba506.EDMERRY3GKHJUDFJ.SEARCH&qH=6ae28a55456b101b,Home Revise 9th Standard CBSE Mathematics
"2,249",https://www.flipkart.com/home-revise-4th-standard-cbse-mathematics/p/itmerwdzhhk32fn9?pid=EDMERWDZGNRBYKJC&srno=s_1_33&otracker=search&lid=LSTEDMERWDZGNRBYKJCPVR4VJ&fm=organic&iid=16900489-8a60-43c1-a94b-623e529bdb0e.EDMERWDZGNRBYKJC.SEARCH&qH=6ae28a55456b101b,Home Revise 4th Standard CBSE Mathematics
199,https://www.flipkart.com/belucky-mathematics-pi-quotes-wallposter-paper-print/p/itmet8ussdp5c2yg?pid=POSET8UHZVHA2HKP&srno=s_1_34&otracker=search&lid=LSTPOSET8UHZVHA2HKPHF5G59&fm=organic&iid=90ff30d2-6356-4cfb-adf4-0c81438ad7ad.POSET8UHZVHA2HKP.SEARCH&qH=6ae28a55456b101b,BeLucky -mathematics-pi-quotes Wallposter Paper Print
350,https://www.flipkart.com/ct-ct-8855v-financial-basic-calculator/p/itmeuu9xhqrdz769?pid=CALEUU9X8NKHFTGR&srno=s_1_35&otracker=search&lid=LSTCALEUU9X8NKHFTGRN5EUOC&fm=organic&iid=cb35ecfc-3b9e-494a-b643-2e3e38b95f37.CALEUU9X8NKHFTGR.SEARCH&qH=6ae28a55456b101b,CT CT-8855V Financial Basic  Calculator
"1,499",https://www.flipkart.com/citizen-stealodeal-pack-10-sld-322bk-basic-calculator/p/itmev3ugfjhyga5j?pid=CALEV3UGW9AMGPF9&srno=s_1_36&otracker=search&lid=LSTCALEV3UGW9AMGPF9HQDEDC&fm=organic&iid=ba1a660a-fd76-47fb-9eb4-2678e2ea9346.CALEV3UGW9AMGPF9.SEARCH&qH=6ae28a55456b101b,Citizen Stealodeal |Pack of 10| SLD-322BK Basic  Calcul...
"1,399",https://www.flipkart.com/formulaire-de-math-matiques-volume-1/p/itmd3hduyh9wbrpt?pid=9781246422689&srno=s_1_37&otracker=search&lid=LSTBOK97812464226890XI45W&fm=organic&iid=18124cef-7a5a-4d1f-b83d-ea9c5c92128e.9781246422689.SEARCH&qH=6ae28a55456b101b,"FORMULAIRE DE MATH MATIQUES, VOLUME 1"
"2,499",https://www.flipkart.com/lmens-d-algbre-volume-2/p/itmdy35yddfvhhd4?pid=9781144419897&srno=s_1_38&otracker=search&lid=LSTBOK9781144419897PCETPA&fm=organic&iid=c01cef3c-2e5b-45fb-a46d-e6aee4b40953.9781144419897.SEARCH&qH=6ae28a55456b101b,"Lmens D\'Algbre, Volume 2"
"3,699",https://www.flipkart.com/mathieusche-funktionen-und-spharoidfunktionen/p/itmdf4s6dgmbhrud?pid=9783540018063&srno=s_1_39&otracker=search&lid=LSTBOK9783540018063MLAGHW&fm=organic&iid=c56b3c96-706f-4688-b847-246e358363ca.9783540018063.SEARCH&qH=6ae28a55456b101b,Mathieusche Funktionen Und Spharoidfunktionen
"1,999",https://www.flipkart.com/mathematische-aufgaben-aus-der-physik-nebst-auflosungen-zum-gebrauche-hoheren-lehranstalten-und-selbstunterrichte/p/itmdy3pu6ygpy7yg?pid=9781146689786&srno=s_1_40&otracker=search&lid=LSTBOK9781146689786ZX80VK&fm=organic&iid=174e9023-b4f8-483e-8840-82b9c272ae54.9781146689786.SEARCH&qH=6ae28a55456b101b,"Mathematische Aufgaben Aus Der Physik, Nebst Auflosunge..."
